ImageId,EncodedPixels
00003e153.jpg,
000155de5.jpg,264661 17 265429 33 266197 33 266965 33 267733 33 268501 33 269269 33 270037 33 270805 33 271573 33 272341 33 273109 33 273877 33 274645 33 275413 33 276181 33 276949 33 277716 34 278484 34 279252 33 280020 33 280788 33 281556 33 282324 33 283092 33 283860 33 284628 33 285396 33 286164 33 286932 33 287700 33 288468 33 289236 33 290004 33 290772 33 291540 33 292308 33 293076 33 293844 33 294612 33 295380 33 296148 33 296916 33 297684 33 298452 33 299220 33 299988 33 300756 33 301524 33 302292 33 303060 33 303827 34 304595 34 305363 33 306131 33 306899 33 307667 33 308435 33 309203 33 309971 33 310739 33 311507 33 312275 33 313043 33 313811 33 314579 33 315347 33 316115 33 316883 33 317651 33 318419 33 319187 33 319955 33 320723 33 321491 33 322259 33 323027 33 323795 33 324563 33 325331 33 326099 33 326867 33 327635 33 328403 33 329171 33 329938 34 330706 34 331474 33 332242 33 333010 33 333778 33 334546 33 335314 33 336082 33 336850 33 337618 33 338386 33 339154 33 339922 33 340690 33 341458 33 342226 33 343003 24 343787 8
00021ddc3.jpg,101361 1 102128 3 102896 4 103663 6 104430 9 105198 10 105209 1 105965 14 106732 14 107500 14 108267 14 109034 14 109802 14 110569 14 111336 14 112104 14 112871 14 113638 14 114406 14 115173 14 115940 14 116708 14 117475 14 118242 14 119010 14 119777 14 120544 14 121312 14 122079 14 122846 14 123614 14 124381 14 125150 12 125920 10 126689 8 127459 5 128228 4 128998 1
00021ddc3.jpg,95225 2 95992 5 96760 7 97527 9 98294 9 99062 9 99829 9 100596 9 101364 9 102132 8 102901 6 103671 3 104440 2
00021ddc3.jpg,74444 4 75212 4 75980 4 76748 4 77517 3 78285 3 79053 4 79821 4 80589 4 81357 4 82125 4
00021ddc3.jpg,150423 2 151190 3 151958 3 152726 4 153495 3 154263 3
00021ddc3.jpg,139644 2 140408 6 141174 9 141942 9 142711 6 143479 2
00021ddc3.jpg,86727 2 87493 4 88261 4 89030 3 89798 4 90566 4 91334 4 92103 3 92871 1
00021ddc3.jpg,74441 3 75207 5 75975 5 76743 5 77511 5 78280 4 79048 5 79816 5 80584 5 81352 5 82120 5 82888 6 83657 5 84425 5 85193 5 85961 2
00021ddc3.jpg,75972 3 76738 5 77506 5 78274 5 79042 6 79811 5 80579 5 81347 5 82115 5 82883 5 83651 6 84420 5 85188 5 85956 2
00021ddc3.jpg,108287 1 109054 3 109821 4 110588 5 111356 5 112123 6 112890 7 113657 8 114424 9 115191 10 115958 11 116725 12 117493 12 118260 13 119027 14 119794 14 120561 14 121328 15 122095 15 122863 14 123630 14 124397 14 125164 14 125931 15 126698 15 127465 15 128232 15 129000 14 129767 14 130534 15 131301 15 132070 13 132839 11 133608 9 134378 6 135147 5 135916 3 136685 1
0002756f7.jpg,255784 2 256552 4 257319 7 258087 9 258854 12 259622 14 260389 16 261159 16 261929 16 262699 16 263469 16 264239 16 265009 14 265779 11 266549 9 267319 6 268089 4 268859 1
0002756f7.jpg,248878 1 249645 4 250413 6 251180 9 251948 10 252715 13 253482 16 254250 18 255019 18 255789 18 256559 18 257329 18 258099 17 258869 15 259639 12 260409 10 261179 7 261949 5 262719 2 263488 1 264255 1
0002d0f32.jpg,
000303d4d.jpg,
00031f145.jpg,340363 1 341129 4 341896 6 342663 7 343429 10 344196 12 344962 15 345729 16 346496 18 347262 21 348029 23 348798 23 349567 22 350335 23 351104 23 351873 23 352642 22 353410 23 354179 23 354948 21 355717 18 356486 16 357254 15 358023 12 358792 10 359561 7 360329 6 361098 4 361867 1
00053c6ba.jpg,565382 3 566144 9 566909 12 567677 13 568445 13 569214 12 569982 12 570750 13 571518 13 572287 12 573055 12 573823 13 574591 13 575360 12 576128 9 576896 3
00057a50d.jpg,
0005d01c8.jpg,56010 1 56777 3 57544 6 58312 7 59079 9 59846 11 60613 14 61380 16 62148 17 62915 19 63682 22 64449 24 65216 26 65984 27 66751 30 67518 32 68285 34 69052 36 69820 38 70587 40 71354 42 72121 42 72888 42 73656 42 74423 42 75190 42 75957 42 76724 42 77492 42 78259 42 79026 42 79793 42 80560 42 81328 42 82095 42 82862 42 83629 42 84396 42 85164 42 85931 42 86698 42 87465 42 88232 42 89000 42 89767 42 90534 42 91301 42 92068 42 92836 42 93603 42 94370 42 95137 42 95904 42 96672 42 97439 42 98206 42 98973 42 99740 42 100508 42 101275 42 102042 42 102809 42 103576 42 104344 42 105111 42 105878 42 106645 42 107412 42 108180 42 108947 42 109714 42 110481 42 111249 41 112016 42 112783 42 113550 42 114317 42 115085 41 115852 42 116619 42 117386 42 118153 42 118921 41 119688 42 120455 42 121222 42 121989 42 122757 41 123524 42 124291 42 125058 42 125825 42 126593 42 127360 42 128127 42 128894 42 129661 42 130429 42 131196 42 131963 42 132730 42 133497 42 134265 42 135032 42 135799 42 136566 42 137333 42 138101 42 138868 42 139635 42 140402 42 141169 42 141937 42 142704 42 143471 42 144238 42 145005 42 145773 42 146540 42 147307 42 148074 42 148841 42 149609 42 150376 42 151143 42 151910 42 152677 42 153445 42 154212 42 154979 42 155746 42 156513 42 157281 42 158048 42 158815 42 159582 42 160349 42 161117 42 161884 42 162651 42 163418 42 164185 42 164953 42 165720 42 166487 42 167256 40 168025 38 168795 36 169564 34 170333 32 171102 30 171872 27 172641 26 173410 24 174179 22 174949 19 175718 17 176487 16 177256 14 178026 11 178795 9 179564 7 180333 6 181103 3 181872 1
0005d01c8.jpg,365871 1 366638 3 367405 6 368173 7 368940 9 369707 12 370474 14 371242 15 372009 17 372776 20 373543 22 374310 24 375078 26 375845 28 376612 30 377379 30 378147 29 378914 30 379681 30 380448 30 381215 30 381983 30 382750 30 383517 30 384284 30 385051 31 385819 30 386586 30 387353 30 388120 31 388888 30 389655 30 390422 30 391189 31 391956 31 392724 30 393491 30 394258 31 395025 31 395793 30 396560 30 397327 31 398094 31 398861 31 399629 30 400396 31 401163 31 401930 31 402698 30 403465 31 404232 31 404999 31 405766 31 406534 31 407301 31 408068 31 408835 31 409602 32 410370 31 411137 31 411904 31 412671 32 413439 31 414206 31 414973 31 415742 30 416511 28 417281 25 418050 23 418819 22 419588 20 420358 17 421127 15 421896 14 422666 11 423435 9 424204 7 424973 6 425743 3 426512 1
